,qtr,Form_Type,Company_Name,CIK,Date,Path,Indicator,Phrase
0,q4-15,10-Q,QUIDEL CORP /DE/,353569,2015-10-29,http://www.sec.gov/Archives/edgar/data/353569/000035356915000061,No,"The Forbearance Conditions generally consist of the following: (a) each Loan Party (as defined in the Forbearance Agreement) duly and punctually observes, performs and discharges each and every obligation and covenant on its part to be performed under the Forbearance Agreement; (b) no Event of Default (as defined in the Forbearance Agreement) occurs or exists other than the Stipulated Defaults (as defined in the Forbearance Agreement); (c) no material adverse change occurs in any Loan Party's business, prospects or financial condition after the date hereof; (d) all of the Obligations (as defined in the Credit Agreement) are paid in full on or before the Maturity Date (as defined in the Credit Agreement); (e) no Guarantor revokes or attempts to revoke or terminate such Guarantor's Guaranty (as defined in the Credit Agreement) or otherwise breach any of such Guarantor's obligations under its respective Guaranty; (f) no representation or warranty made by any Loan Party in the Forbearance Agreement proves to have been false or misleading in any material respect; (g) each Loan Party timely deducts from the wages of its employees and makes timely and proper deposits for all payroll taxes as the same became due and payable, and if, as and when requested to do so by Wells Fargo, provides Wells Fargo with proof of all deposits for Payroll Taxes; (h) each Loan Party is able to pay and does pay, as the same shall become due and payable, all debts incurred by such Loan Party on or after the date hereof; (i) no person to whom any Loan Party is indebted under capital leases or for money borrowed accelerates the maturity or demands payment of such indebtedness, in whole or in part; (j) a Qualified Consultant (as defined in the Forbearance Agreement) is engaged by the Loan Parties on or before the date of the Forbearance Agreement, remains engaged by the Loan Parties at all times during the Forbearance Period, and each Loan Party (1) acknowledges and agrees that the scope of the Qualified Consultant's engagement may be expanded from time to time at Wells Fargo's request in consultation with the Loan Parties, (2) authorizes and directs each Qualified Consultant to provide Wells Fargo with complete access to such Qualified Consultant and its work product (whether created prior to or after the effectiveness of the Forbearance Agreement), (3) authorizes and directs each Qualified Consultant to speak freely with Wells Fargo concerning all matters relating to its engagement with any Loan Party and to provide Wells Fargo with copies of its work product (whether created prior to or after the effectiveness of the Forbearance Agreement), and (4) authorizes and directs each Qualified Consultant to actively participate on behalf of Loan Parties in all discussions with Wells Fargo; (k) the Qualified Consultant reviewed and approved the initial Budget (as defined in the Forbearance Agreement); (l) no Loan Party uses proceeds of Advances or Collateral (as defined in the Credit Agreement) to make any payments for any purpose that is not included in the Budget or in amounts that exceed one hundred three percent ( 103% ) of the amounts shown in the Budget, except for payments in respect of the Obligations; (m) on the date that any sale of real property on which Wells Fargo has a Lien (as defined in the Credit Agreement) is consummated, Wells Fargo receives all gross proceeds of the sale, less reasonable closing expenses, brokerage fees and prorated ad valorem real property taxes to be paid by seller, for application to the Obligations; (n) each Loan Party is able to pay and does pay, as the same shall become due and payable, all real and personal property taxes owed by such Loan Party on or after the date hereof; (o) each of the WESSCO Sale Covenants (as defined in the Forbearance Agreement) is timely satisfied; (p) Loan Parties achieve total weekly (1) Cash Receipts, and (2) ""Recycling Inventory Sold"" of at least eighty percent ( 80% ) of the amounts shown in the Budget, on a cumulative basis, beginning with the week ending November 6, 2015, measured on a weekly basis; and (q) on or before January 31, 2016, the Loan Parties deliver to Wells Fargo a commitment letter for financing for the Loan Parties in an amount sufficient to, and which provides that the proceeds will be used to, repay all of the Obligations in full on or before the Maturity Date, which commitment letter must be from a lender acceptable to Wells Fargo and on terms and conditions satisfactory to Wells Fargo."
1,q4-15,10-Q,QUIDEL CORP /DE/,353569,2015-10-29,http://www.sec.gov/Archives/edgar/data/353569/000035356915000061,No," The Company s sales to its top ten customers for the fiscal years ended July 31, 2015, 2014, and 2013, along with the accounts receivable for the same customers at July 31, 2015, 2014, and 2013, are summarized as follows:        Fiscal Year Ended July 31,        2015     2014     2013   Net sales to the top ten customers      54 %      51 %      70 %  Accounts receivable from top ten customers (in millions)    $ 43.1      $ 48.6      $ 21.2           Fiscal Year Ended July 31,        2015     2014     2013   The Company s customers over 10% of net sales:        Spirox      13 %      17 %      27 %  Texas Instruments       10 %       10 %      12 %    The Company s net sales to geographic area for the fiscal years ended July 31, 2015, 2014, and 2013, along with the long-lived assets by location at July 31, 2015 and July 31, 2014, are summarized as follows:        Fiscal Year Ended July 31,        2015      2014      2013        (in thousands)   Sales to unaffiliated customers (ship to location):          United States    $ 85,467       $ 65,878       $ 25,999    Taiwan      50,759         51,699         39,913    Philippines      50,271         33,767         23,106    Malaysia      38,840         21,611         15,935    Thailand      26,414         18,806         4,597    Hong Kong/China      43,330         27,108         13,373    Germany      29,503         21,385         6,855    Singapore      21,652         30,174         9,221    All other countries (none of which is individually greater than 10% of net sales)      51,742         34,678         12,983                               Total sales to unaffiliated customers    $ 397,978       $ 305,106       $ 151,982                                      As of July 31,        2015      2014        (in thousands)   Long-lived assets:       United States    $ 16,317       $ 16,570    Germany      9,254         9,198    Malaysia      3,281         3,598    China      471         711    Singapore      678         689    Japan      617         446    Philippines      273         391    Taiwan      181         107    All other countries      378         443                      Total long-lived assets    $ 31,450       $ 32,153                    "
2,q4-15,10-Q,CVB FINANCIAL CORP,354647,2015-11-09,http://www.sec.gov/Archives/edgar/data/354647/000119312515371842,No," Concentration of Credit Risk  - The following customers accounted for 10% or more of Andrea s consolidated total revenues during at least one of the periods presented below: For the Three Months Ended For the Nine Months Ended         September 30, 2015       September 30, 2014       September 30, 2015       September 30, 2014 Customer A 54% 64% 64% 77% Customer B 30% 12% 23% * ____________________        * Amounts are less than 10% As of September 30, 2015, Customer A and B accounted for approximately 58% and 28%, respectively, of accounts receivable."
3,q4-15,10-Q,HSBC Finance Corp,354964,2015-11-02,http://www.sec.gov/Archives/edgar/data/354964/000035496415000023,No,We do not have operations in any foreign country that represent more than 8% of our consolidated revenue.
4,q4-15,10-Q,FONAR CORP,355019,2015-11-09,http://www.sec.gov/Archives/edgar/data/355019/000035501915000033,No,"Net revenues from management and other fees charged to the related PCs accounted for approximately 10.5% and 10.1% of the consolidated net revenues for the three months ended September 30, 2015 and 2014, respectively."
5,q4-15,10-Q,FIFTH THIRD BANCORP,35527,2015-11-05,http://www.sec.gov/Archives/edgar/data/35527/000119312515368428,No,"Homebuilding operations comprise the substantial part of our business, representing approximately 97% of consolidated revenues for the year ended October 31, 2015, approximately 98% for the year ended October 31, 2014 and approximately 97% for the year ended October 31, 2013."
6,q4-15,10-Q,FIFTH THIRD BANCORP,35527,2015-11-05,http://www.sec.gov/Archives/edgar/data/35527/000119312515368428,No,"Andrea DSP Microphone and Patent       Audio Software       2015 Three Month 2015 Three Month Segment Data       Monetization Products Segment Data Net product revenues $      - $            <font size=""2"" style=""font-family: times new roman;"">141,581 <td align=""left"" width=""1%"" nowrap=""nowrap"" bgcolor=""#c0c0c0""> $       141,581 License revenues 1,147 172,651 173,798 Continuing operating loss 2,197,743 186,650 2,384,393 Depreciation and amortization 7,356 12,998 20,354 Assets 172,768 5,085,268 5,258,036 Property and equipment and intangibles 172,768 265,212 437,980     Andrea DSP <td width=""1%"" nowrap=""nowrap"" style=""text-align: center;""> <td width=""2%"" nowrap=""nowrap"" style=""text-align: center;"" colspan=""2""> Microphone and 2014 Three       Patent       Audio Software       Month Segment 2014 Three Month Segment Data Monetization Products Data Net product revenues $      - $ 148,324 $              148,324   License revenues 1,555 272,444 273,999 Continuing operating (loss) income (454,170 ) 119,116 (335,054 ) Depreciation and amortization 5,193 9,897 15,090 <font size=""2"" style=""font-family: times new roman;"">Purchases of patents and trademarks <td align=""right"" width=""2%"" nowrap=""nowrap"" bgcolor=""#c0c0c0""> 21,964 21,964 43,928   Andrea DSP Microphone and       Patent       Audio Software       2014 Year End December 31, 2014 Year End Segment Data Monetization Products Segment Data Assets $      187,078 $            4,384,542 $       4,571,620 Property and equipment and intangibles 187,078 281,051 <td align=""right"" width=""4%"" nowrap=""nowrap"" colspan=""2""> 468,129 <p align=""left"" style=""font: /normal 'times new roman'; color: #000000; text-transform: none; text-indent: 0px; letter-spacing: normal; word-spacing: 0px; white-space: normal; widows: 1; -webkit-text-stroke-width: 0px;""> The following represents selected condensed consolidated interim financial information for Andrea s segments for the nine-month periods ended September 30, 2015 and 2014: Andrea DSP Microphone and Patent Audio Software 2015 Nine Month 2015 Nine Month Segment Data       Monetization       Products       Segment Data Net product revenues $      - $            322,052 $             322,052 License revenues 4,137 606,595 610,732 <font size=""2"" style=""font-family: times new roman;"">Continuing operating loss 4,299,148 <td align=""left"" width=""1%"" nowrap=""nowrap"" bgcolor=""#c0c0c0""> 381,856 4,681,004 Depreciation and amortization 20,669 40,636 61,305 Purchases of property and equipment - 18,443 18,443 Purchases of patents and trademarks 6,357 6,356 12,713     Andrea DSP Microphone and Patent Audio Software 2014 Nine Month 2014 Nine Month Segment Data <td align=""left"" width=""1%"" nowrap=""nowrap""> Monetization <font size=""2"" style=""font-family: times new roman;"">Products Segment Data Net product revenues $ - $ 202,043 $ 202,043 License revenues 3,683 682,787 686,470 Continuing operating (loss) income (1,520,933 ) 119,720 (1,401,213 ) Depreciation and amortization 15,433 29,547 44,980 Purchases of patents and trademarks 42,870 42,869 85,739 Management assesses non-operating income statement data on a consolidated basis only."
7,q4-15,10-K,NEW JERSEY RESOURCES CORP,356309,2015-11-24,http://www.sec.gov/Archives/edgar/data/356309/000035630915000097,No,"These UL and VUL products with secondary guarantees represented 34 % of total life insurance in-force reserves as of September 30 , 201 5 ,   and 32% of total sales for the nine months ended September 30 , 201 5 . "
8,q4-15,10-K,NEW JERSEY RESOURCES CORP,356309,2015-11-24,http://www.sec.gov/Archives/edgar/data/356309/000035630915000097,No," NOTE 17 - CONCENTRATION OF CUSTOMERS   One customer accounted for 23 % of the Company s revenue during the nine-month period ended September 30, 2015."
9,q4-15,10-K,NEW JERSEY RESOURCES CORP,356309,2015-11-24,http://www.sec.gov/Archives/edgar/data/356309/000035630915000097,No,"During the years ended June 30, 2015, 2014 and 2013, the Company had one customer that accounted for greater than 10% of total revenue."
10,q4-15,10-K,NEW JERSEY RESOURCES CORP,356309,2015-11-24,http://www.sec.gov/Archives/edgar/data/356309/000035630915000097,No,"For the three months ended September 30, 2015 and 2014 , the three largest customers accounted for 77% and 55% , respectively, of the Company s total revenue."
11,q4-15,10-K,Xcerra Corp,357020,2015-10-14,http://www.sec.gov/Archives/edgar/data/357020/000119312515343456,No,"The following table summarizes the impact from 94% of the Company s aerospace and defense segment net sales over the first nine months of fiscal 2015 and 2014 , accounted for under the percentage-of-completion method of accounting:   Three months ended August 31,   Nine months ended August 31,   2015   2014   2015   2014   (In millions, except per share amounts) Favorable (unfavorable) effect of the changes in contract estimates on loss from continuing operations before income taxes $ 11.2   $ (5.3 )   $ 18.4   $ (8.2 ) Favorable (unfavorable) effect of the changes in contract estimates on net loss 6.8   (2.3 )   11.1   (3.9 ) Favorable (unfavorable) effect of the changes in contract estimates on basic and diluted net loss per share 0.11   (0.04 )   0.18   (0.07 ) A detailed description of the Company s significant accounting policies can be found in the Company s most recent Annual Report on Form 10-K for the fiscal year ended November 30, 2014 ."
12,q4-15,10-K,Xcerra Corp,357020,2015-10-14,http://www.sec.gov/Archives/edgar/data/357020/000119312515343456,No,( SBSF ) in which the Company had a 49% membership interest is accounted for by the equity method and is classified as available for sale in the accompanying statements of financial condition.
13,q4-15,10-Q,OLD SECOND BANCORP INC,357173,2015-11-06,http://www.sec.gov/Archives/edgar/data/357173/000035717315000065,No,"<p align=""left"" style=""font: /normal 'times new roman'; color: #000000; text-transform: none; text-indent: 0px; letter-spacing: normal; word-spacing: 0px; white-space: normal; widows: 1; -webkit-text-stroke-width: 0px;""><font size=""2"" style=""font-family: times new roman;""> Concentration of Credit Risk  - The following customers accounted for 10% or more of Andrea s consolidated total revenues during at least one of the periods presented below: For the Three Months Ended For the Nine Months Ended         September 30, 2015       September 30, 2014       September 30, 2015       September 30, 2014 Customer A 54% 64% 64% 77% Customer B 30% 12% 23% * ____________________        * Amounts are less than 10% As of September 30, 2015, Customer A and B accounted for approximately 58% and 28%, respectively, of accounts receivable."
14,q4-15,10-K,HOVNANIAN ENTERPRISES INC,357294,2015-12-18,http://www.sec.gov/Archives/edgar/data/357294/000143774915022517,No,"Revenues from one customer accounted for approximately 10.6 percent, 7.3 percent and 10.8 percent of total operating revenues during the years ended September 30, 2015, 2014 and 2013, respectively."
15,q4-15,10-Q,SABINE OIL & GAS CORP,38079,2015-11-09,http://www.sec.gov/Archives/edgar/data/38079/000155837015002518,No,"For the three and nine months ended September 30, 2014, three commercial customers accounted for approximately 92% and 91% of our total revenue, respectively."
16,q4-15,10-Q,SABINE OIL & GAS CORP,38079,2015-11-09,http://www.sec.gov/Archives/edgar/data/38079/000155837015002518,No,"The Company had sales to individual customers in excess of 10% of total revenues, as follows:     Nine months ended September 30,       2015   2014   Customer:         A 23 %   16 %   B 16 %   16 %   C 11 %   10 %     50 %   42 % As of September 30, 2015 and December 31, 2014 , accounts receivable from customers with balances due in excess of 10% of total accounts receivable totaled $23.5 million and $23.7 million , respectively. "
17,q4-15,10-Q,SABINE OIL & GAS CORP,38079,2015-11-09,http://www.sec.gov/Archives/edgar/data/38079/000155837015002518,No,"In fiscal 2014, sales to Wal-Mart represented $1.43 billion or 14.1 percent of the Company s consolidated revenues."
18,q4-15,10-Q,SABINE OIL & GAS CORP,38079,2015-11-09,http://www.sec.gov/Archives/edgar/data/38079/000155837015002518,No," Information related to the Company's various business segments and other operations is detailed below: (Thousands)       Fiscal Years Ended September 30, 2015 2014 2013 Operating revenues       Natural Gas Distribution       External customers $ 781,970 $ 819,415 $ 787,987 Energy Services       External customers   (1) 1,872,781 2,858,703 2,351,084 Intercompany 61,526 72,114 5,494 Clean Energy Ventures       External customers 32,513 14,575 11,988 Subtotal 2,748,790 3,764,807 3,156,553 Home Services and Other       External customers 46,723 45,452 47,009 Intercompany 1,980 1,235 945 Eliminations (63,506 ) (73,349 ) (6,439 ) Total $ 2,733,987 $ 3,738,145 $ 3,198,068 Depreciation and amortization       Natural Gas Distribution $ 43,085 $ 40,540 $ 37,999 Energy Services 90 59 44 Clean Energy Ventures 17,297 11,295 8,477 Midstream 6 6 6 Subtotal 60,478 51,900 46,526 Home Services and Other 952 846 786 Eliminations (31 ) (4 ) (2 ) Total $ 61,399 $ 52,742 $ 47,310 Interest income (2)       Natural Gas Distribution $ 336 $ 999 $ 653 Energy Services 438 222 1 Clean Energy Ventures 26     Midstream 977 950 1,065 Subtotal 1,777 2,171 1,719 Home Services and Other 217 1 2 Eliminations (1,414 ) (950 ) (884 ) Total $ 580 $ 1,222 $ 837 (1) Includes sales to Canada, which accounted for 3.7 , 3.3 and 5.9 percent of total operating revenues during fiscal 2015 , 2014 and 2013 , respectively ."
19,q4-15,10-K,FORWARD INDUSTRIES INC,38264,2015-12-16,http://www.sec.gov/Archives/edgar/data/38264/000100329715000510,No,"Information related to the Company's various business segments and other operations is detailed below: (Thousands)       Fiscal Years Ended September 30, 2015 2014 2013 Operating revenues       Natural Gas Distribution       External customers $ 781,970 $ 819,415 $ 787,987 Energy Services       External customers   (1) 1,872,781 2,858,703 2,351,084 Intercompany 61,526 72,114 5,494 Clean Energy Ventures       External customers 32,513 14,575 11,988 Subtotal 2,748,790 3,764,807 3,156,553 Home Services and Other       External customers 46,723 45,452 47,009 Intercompany 1,980 1,235 945 Eliminations (63,506 ) (73,349 ) (6,439 ) Total $ 2,733,987 $ 3,738,145 $ 3,198,068 Depreciation and amortization       Natural Gas Distribution $ 43,085 $ 40,540 $ 37,999 Energy Services 90 59 44 Clean Energy Ventures 17,297 11,295 8,477 Midstream 6 6 6 Subtotal 60,478 51,900 46,526 Home Services and Other 952 846 786 Eliminations (31 ) (4 ) (2 ) Total $ 61,399 $ 52,742 $ 47,310 Interest income (2)       Natural Gas Distribution $ 336 $ 999 $ 653 Energy Services 438 222 1 Clean Energy Ventures 26     Midstream 977 950 1,065 Subtotal 1,777 2,171 1,719 Home Services and Other 217 1 2 Eliminations (1,414 ) (950 ) (884 ) Total $ 580 $ 1,222 $ 837 (1) Includes sales to Canada, which accounted for 3.7 , 3.3 and 5.9 percent of total operating revenues during fiscal 2015 , 2014 and 2013 , respectively ."
20,q4-15,10-K,FORWARD INDUSTRIES INC,38264,2015-12-16,http://www.sec.gov/Archives/edgar/data/38264/000100329715000510,No,"Concentrations The following tables reflect significant customer concentrations as a percentage of net revenue for fiscal 2015, 2014, and 2013 :     Fiscal     2015   2014   2013 Siliconware Precision Industries Ltd.   *   *   11.0 %  * Represents less than 10% of net revenue The following table reflects significant customer concentrations as a percentage of total accounts receivable as of October 3, 2015 and September 27, 2014 :     As of     October 3, 2015   September 27, 2014 Haoseng Industrial Co., Ltd   *   21.5 % * Represents less than 10% of total accounts receivable "
21,q4-15,10-K,FORWARD INDUSTRIES INC,38264,2015-12-16,http://www.sec.gov/Archives/edgar/data/38264/000100329715000510,No,"Two customers accounted for approximately 25% and 20% of the Company s revenues for the nine months ended September 30, 2015."
22,q4-15,8-K,"Real Industry, Inc.",38984,2015-10-07,http://www.sec.gov/Archives/edgar/data/38984/000156459015008318,No,"During the years ended June 30, 2015, 2014 and 2013, the Company had one customer that accounted for greater than 10% of total revenue.   "
23,q4-15,8-K,"Real Industry, Inc.",38984,2015-10-07,http://www.sec.gov/Archives/edgar/data/38984/000156459015008318,No,"       September 30,       September 30, Geographic Data 2015 2014 Total revenues:         United States $           135,575 $           64,937         Foreign (1) 179,804 357,386 $ 315,379 $ 422,323 ____________________ <td nowrap=""nowrap"" valign=""top""><font size=""1"" style=""font-family: times new roman;"">         (1)        Total revenue from the People s Republic of China and Singapore represented 55% and 84% of total revenues for the three months ended September 30, 2015 and September 30, 2014, respectively."
24,q4-15,10-Q,G&K SERVICES INC,39648,2015-10-27,http://www.sec.gov/Archives/edgar/data/39648/000003964815000028,No,"Customers that represented more than 10% of net sales for the periods presented are as follows:   Three months ended August 31,   Nine months ended August 31,   2015   2014   2015   2014 Lockheed Martin Corporation 31 %   28 %   28 %   26 % United Launch Alliance 20 %   27 %   19 %   26 % Raytheon Company 19 %   16 %   20 %   17 % NASA 13 %   10 %   12 %   12 % Sales to the U.S. government and its agencies, including sales to the Company s significant customers discussed above, were as follows (dollars in millions):   U.S. government sales   Percentage of net sales Three months ended August 31, 2015 $ 406.8   92 % Three months ended August 31, 2014 397.5   94 % Nine months ended August 31, 2015 1,098.9   90 % Nine months ended August 31, 2014 1,095.6   95 % Selected financial information for each reportable segment is as follows:   Three months ended August 31,   Nine months ended August 31,   2015   2014   2015   2014   (In millions) Net Sales:               Aerospace and Defense $ 438.9   $ 419.7   $ 1,169.3   $ 1,153.2 Real Estate 1.6   1.5   46.7   4.6 Total Net Sales $ 440.5   $ 421.2   $ 1,216.0   $ 1,157.8 Segment Performance:               Aerospace and Defense $ 54.0   $ 32.9   $ 132.7   $ 88.4 Environmental remediation provision adjustments (29.4 )   (4.7 )   (32.7 )   (6.6 ) Retirement benefit plan expense (12.3 )   (6.1 )   (37.1 )   (18.3 ) Unusual items (50.1 )   (0.1 )   (49.4 )   (0.2 ) Aerospace and Defense Total (37.8 )   22.0   13.5   63.3 Real Estate 0.9   0.8   33.4   2.6 Total Segment Performance $ (36.9 )   $ 22.8   $ 46.9   $ 65.9 Reconciliation of segment performance to loss from continuing operations before income taxes:               Segment performance $ (36.9 )   $ 22.8   $ 46.9   $ 65.9 Interest expense (11.9 )   (14.0 )   (38.5 )   (39.0 ) Interest income 0.1       0.2     Stock-based compensation expense (2.3 )   (1.5 )   (9.6 )   (4.5 ) Corporate retirement benefit plan expense (4.3 )   (2.8 )   (12.9 )   (8.4 ) Corporate and other expense, net (4.5 )   (5.8 )   (16.2 )   (15.5 ) Unusual items (1.1 )   (9.8 )   (1.8 )   (60.8 ) Loss from continuing operations before income taxes $ (60.9 )   $ (11.1 )   $ (31.9 )   $ (62.3 ) "
25,q4-15,10-Q,GENERAL DYNAMICS CORP,40533,2015-10-28,http://www.sec.gov/Archives/edgar/data/40533/000004053315000046,No,"During the nine months ended September 30, 2014 , purchases by Enbridge Pipeline (East Texas) LP, Eastex Crude Company and Laclede Energy accounted for approximately 13% ,   12% and 12% of oil, natural gas liquids and natural gas sales, respectively. "
26,q4-15,10-Q,GENERAL ELECTRIC CO,40545,2015-11-02,http://www.sec.gov/Archives/edgar/data/40545/000004054515000114,No,"Under our various long-term, fee-based commercial agreements with TLLP, transactions with us accounted for 54% and 55% of TLLP s total revenues for the three and nine months ended September 30, 2015 and 86% and 87% for the three and nine months ended September 30, 2014 ."
27,q4-15,10-K,GENERAL EMPLOYMENT ENTERPRISES INC,40570,2015-12-29,http://www.sec.gov/Archives/edgar/data/40570/000147793215007812,No,"Assets and Liabilities Measured at Fair Value on a Recurring Basis :   The tables below present the balance of assets and liabilities at September 30, 2015 , and December 31, 2014 , respectively, measured by the Company at fair value on a recurring basis:                                 September 30, 2015        Level 1      Level 2      Level 3      Total Assets:                         Investment securities available-for-sale                         U.S. Treasury   $ 1,515   $  -   $  -   $ 1,515 U.S. government agencies      -     1,577      -     1,577 U.S. government agencies mortgage-backed      -     2,034      -     2,034 States and political subdivisions      -     23,052     118     23,170 Corporate Bonds      -     29,580      -     29,580 Collateralized mortgage obligations      -     70,877      -     70,877 Asset-backed securities      -     187,096      -     187,096 Collateralized loan obligations      -     92,987      -     92,987 Loans held-for-sale      -     3,899      -     3,899 Mortgage servicing rights      -      -     5,470     5,470 Other assets (Interest rate swap agreements)      -     157      -     157 Other assets (Mortgage banking derivatives)      -     230      -     230 Total   $ 1,515   $ 411,489   $ 5,588   $ 418,592                           Liabilities:                         Other liabilities (Interest rate swap agreements)   $  -   $ 973   $  -   $ 973 Total   $  -   $ 973   $  -   $ 973                                   December 31, 2014        Level 1      Level 2      Level 3      Total Assets:                         Investment securities available-for-sale                         U.S. Treasury   $ 1,527   $  -   $  -   $ 1,527 U.S. government agencies      -     1,624      -     1,624 States and political subdivisions      -     21,900     118     22,018 Corporate bonds      -     30,985      -     30,985 Collateralized mortgage obligations      -     63,627      -     63,627 Asset-backed securities      -     120,555     52,941     173,496 Collateralized loan obligations      -     92,209      -     92,209 Loans held-for-sale      -     5,072      -     5,072 Mortgage servicing rights      -      -     5,462     5,462 Other assets (Interest rate swap agreements net of swap credit valuation)      -     30      -     30 Other assets (Mortgage banking derivatives)      -     143      -     143 Total   $ 1,527   $ 336,145   $ 58,521   $ 396,193                           Liabilities:                         Other liabilities (Interest rate swap agreements)   $  -   $ 30   $  -   $ 30 Total   $  -   $ 30   $  -   $ 30   The changes in Level 3 assets and liabilities measured at fair value on a recurring basis are as follows:                             Nine months ended September 30, 2015     Securities available-for-sale                 States and   Mortgage     Asset-   Political   Servicing       backed     Subdivisions     Rights Beginning balance January 1, 2015   $ 52,941   $ 118   $ 5,462 Transfers out of Level 3     (24,917)      -      - Total gains or losses                   Included in earnings (or changes in net assets)     (28)      -     (668) Included in other comprehensive income     (541)      -      - Purchases, issuances, sales, and settlements                   Issuances      -      -     1,209 Settlements     -      -     (533) Sales     (27,455)     -     - Ending balance September 30, 2015   $  -   $ 118   $ 5,470                                 Nine months ended September 30, 2014     Securities available-for-sale                     States and   Mortgage   Interest Rate     Asset-   Political   Servicing   Swap        backed      Subdivisions      Rights      Valuation Beginning balance January 1, 2014   $ 154,137   $ 125   $ 5,807   $ (6) Total gains or losses                         Included in earnings (or changes in net assets)     3,178      -     (761)     6 Included in other comprehensive income     (1,748)      -      -      - Purchases, issuances, sales, and settlements                         Purchases     63,704      -      -      - Issuances      -      -     594      - Settlements     -      -      -     - Sales     (135,490)     -     -     - Ending balance September 30, 2014   $ 83,781   $ 125   $ 5,640   $  -   The following table and commentary presents quantitative and qualitative information about Level 3 fair value measurements as of September 30, 2015 :                                                   Weighted Measured at fair value             Unobservable       Average on a recurring basis:     Fair Value     Valuation Methodology     Inputs     Range of Input     of Inputs                           Mortgage Servicing rights   $ 5,470   Discounted Cash Flow   Discount Rate   9.7-15.5%   10.2 %               Prepayment Speed   6.0-34.2%   11.0 %                             The following table and commentary presents quantitative and qualitative information about Level 3 fair value measurements as of December 31, 2014 :                                                   Weighted Measured at fair value             Unobservable       Average on a recurring basis:     Fair Value     Valuation Methodology     Inputs     Range of Input     of Inputs                           Mortgage Servicing rights   $ 5,462   Discounted Cash Flow   Discount Rate   9.7-108.2%   10.2 %               Prepayment Speed   5.0-78.4%   10.9 %                           Asset-backed securities     52,941   Discounted Cash Flow   Credit Risk Premium   0.9-0.9%   0.9 %           with comparable transaction yields   Liquidity Discount   3.5-3.7%   3.6 %   The $118,000 on the state and political subdivisions line at September 30, 2015 , under Level 3 represents a security from a small, local municipality."
28,q4-15,10-Q,"AEROJET ROCKETDYNE HOLDINGS, INC.",40888,2015-10-13,http://www.sec.gov/Archives/edgar/data/40888/000004088815000024,No,"The following table summarizes customer accounts receivable by company as of September 30 : (Thousands) 2015   2014 NJRES $ 107,461 69 %   $ 142,566 75 % NJNG (1) 41,130 26   41,281 22 NJRCEV 1,084 1   594   NJRHS and other 5,598 4   5,529 3 Total $ 155,273 100 %   $ 189,970 100 % (1) Does not include unbilled revenues of $6.4 million and $7.2 million as of September 30, 2015 and 2014 , respectively."
29,q4-15,10-Q,"AEROJET ROCKETDYNE HOLDINGS, INC.",40888,2015-10-13,http://www.sec.gov/Archives/edgar/data/40888/000004088815000024,No,"The aggregate consideration to UTC was $411 million which represents the initial purchase price of $550 million reduced by $55 million relating to the potential future acquisition of UTC s 50% ownership interest of RD Amross, LLC (a joint venture with NPO Energomash of Khimki, Russia which sells RD-180 engines to RD Amross) and the portion of the UTC business that markets and supports the sale of RD-180 engines (the  RDA Acquisition )."
30,q4-15,10-Q,"AEROJET ROCKETDYNE HOLDINGS, INC.",40888,2015-10-13,http://www.sec.gov/Archives/edgar/data/40888/000004088815000024,No,No sales to an individual customer accounted for more than 10% of fiscal 2014 or fiscal 2013 revenue. 
31,q4-15,10-Q,"AEROJET ROCKETDYNE HOLDINGS, INC.",40888,2015-10-13,http://www.sec.gov/Archives/edgar/data/40888/000004088815000024,No," DEBT AND OTHER OBLIGATIONS Financing Obligation On December 1, 2013, Kulicke   Soffa Pte Ltd. ( Pte ), the Company's wholly owned subsidiary, signed a lease with DBS Trustee Limited as trustee of Mapletree Industrial Trust (the  Landlord ) to lease from the Landlord approximately 198,000 square feet, representing approximately 70% of a building in Singapore as our corporate headquarters, as well as a manufacturing, technology, sales and service center (the  Building )."
32,q4-15,10-Q,"AEROJET ROCKETDYNE HOLDINGS, INC.",40888,2015-10-13,http://www.sec.gov/Archives/edgar/data/40888/000004088815000024,No,"Our state-based Medicaid business accounted for approximately 4% of our total premiums and services revenue for the nine months ended September 30, 2015 ."
33,q4-15,10-K,"SKYWORKS SOLUTIONS, INC.",4127,2015-11-24,http://www.sec.gov/Archives/edgar/data/4127/000000412715000037,No,"The following table identifies the Company s net sales by medical indication for the three months ended September 30, 2015 and 2014:   (In thousands)   Three Months Ended September 30,   Medical Indication   2015   2014   Antibiotic   $ 2,727    $ 3,003    Cardiovascular   8,303    18,939    Gallstone   19,972    11,761    Glaucoma   6,822    4,691    Gout   64    2,299    Migraine   5,542    5,795    Muscle Relaxant   1,661    340    Obesity   979    915    Pain Management   8,133    6,655    Thyroid Deficiency   41,102    33,346    Other   11,128    5,643                Total   $ 106,433    $ 93,387                      Customer, Supplier and Product Concentration   The following table presents the percentage of total net sales, for the three months ended September 30, 2015 and 2014, for certain of the Company s products, defined as products containing the same active ingredient or combination of ingredients, which accounted for at least 10% of net sales in any of those periods:       2015   2014               Product 1   39  % 36  % Product 2   19  % 13  % Product 3   6  % 19  %   The following table presents the percentage of total net sales, for the three months ended September 30, 2015 and 2014, for certain of the Company s customers which accounted for at least 10% of net sales in any of those periods:       2015   2014               Customer A   28  % 31  % Customer B   12  % 8  % Customer C   8  % 9  %   At September 30, 2015 and June 30, 2015, four customers accounted for 82% and 84% of the Company s net accounts receivable balance, respectively."
34,q4-15,10-K,"SKYWORKS SOLUTIONS, INC.",4127,2015-11-24,http://www.sec.gov/Archives/edgar/data/4127/000000412715000037,No,"Revenues from another customer accounted for approximately 9.8 percent, 10.7 percent and 9.5 percent of total operating revenues during the years ended September 30, 2015, 2014 and 2013, respectively."
35,q4-15,10-Q,INDUSTRIAL SERVICES OF AMERICA INC,4187,2015-11-13,http://www.sec.gov/Archives/edgar/data/4187/000000418715000014,No," Accounts Receivable Accounts receivable consist of amounts billed and currently due from customers and unbilled costs and estimated earnings related to revenue from certain fixed price contracts recognized on the percentage-of-completion method that have been recognized for accounting purposes, but not yet billed to customers."
36,q4-15,10-Q,GOLDFIELD CORP,42316,2015-11-12,http://www.sec.gov/Archives/edgar/data/42316/000004231615000054,No,"During the three and nine months ended September 30, 2014, three customers accounted for 38% and 35% of total revenues, respectively, and 46% of trade receivables. "
37,q4-15,10-Q,GOLDFIELD CORP,42316,2015-11-12,http://www.sec.gov/Archives/edgar/data/42316/000004231615000054,No,"The approximate percentages of purchases of OEM products from each of these four suppliers with respect to continuing operations for Fiscal 2015 and Fiscal 2014 are as follows:     Fiscal Years Ended September 30, Supplier:   2015 2014 OEM Supplier A  100 %    66 %  OEM Supplier B  -%     20 %  OEM Supplier C  -%     5 %  OEM Supplier D  -%     3 %  OEM Supplier E  -%     1 %  Totals  100 %    95 %    Major Customers   The following customers or their affiliates or contract manufacturers accounted for more than ten percent of the Company s net sales, by geographic region."
38,q4-15,10-Q,ALCOA INC.,4281,2015-10-23,http://www.sec.gov/Archives/edgar/data/4281/000119312515350979,No,"During each of the years ended December 31, 2014, 2013 and 2012, there were three customers that each represented 10% or more of consolidated operating revenues."
39,q4-15,10-Q,HARTE HANKS INC,45919,2015-11-05,http://www.sec.gov/Archives/edgar/data/45919/000162828015008363,No,Sales to these third-party distributors represent approximately 6% of our net revenue and may increase sales of our products to Wal-Mart by an amount we are unable to estimate.
40,q4-15,10-Q,ALLIED MOTION TECHNOLOGIES INC,46129,2015-11-05,http://www.sec.gov/Archives/edgar/data/46129/000110465915076171,No,"   Customer, Supplier and Product Concentration   The following table presents the percentage of total net sales, for the three months ended September 30, 2015 and 2014, for certain of the Company s products, defined as products containing the same active ingredient or combination of ingredients, which accounted for at least 10% of net sales in any of those periods:       2015   2014               Product 1   39  % 36  % Product 2   19  % 13  % Product 3   6  % 19  %   The following table presents the percentage of total net sales, for the three months ended September 30, 2015 and 2014, for certain of the Company s customers which accounted for at least 10% of net sales in any of those periods:       2015   2014               Customer A   28  % 31  % Customer B   12  % 8  % Customer C   8  % 9  %   At September 30, 2015 and June 30, 2015, four customers accounted for 82% and 84% of the Company s net accounts receivable balance, respectively."
41,q4-15,10-Q,ALLIED MOTION TECHNOLOGIES INC,46129,2015-11-05,http://www.sec.gov/Archives/edgar/data/46129/000110465915076171,No," As a result of the NDPSC approval of the sale agreement with Montana-Dakota Utilities in the second quarter of 2015, ALLETE Clean Energy began accounting for the project under the percentage of completion method of accounting for contracts."
42,q4-15,10-K,HEICO CORP,46619,2015-12-17,http://www.sec.gov/Archives/edgar/data/46619/000004661915000078,No," Taxes on Income Income before taxes on income resulted from domestic and foreign operations is as follows: (in millions) Year Ended December 31,   2014   2013   2012 Domestic operations $ (423 )   $ 821   $ 800 Foreign operations 477   478   289 Total continuing income before taxes $ 54   $ 1,299   $ 1,089 The provision/(benefit) for taxes on income consists of the following: (in millions) Year Ended December 31,   2014   2013   2012 Federal:           Current $ 285   $ 194   $ 181 Deferred (213 )   51   73 Total federal 72   245   254 Foreign:           Current 135   152   91 Deferred 1   (19 )   (9 ) Total foreign 136   133   82 State and local:           Current 62   37   38 Deferred (25 )   10   14 Total state and local 37   47   52 Total provision for taxes for continuing operations 245   425   388 Provision for discontinued operations 140   299   27 Total provision for taxes $ 385   $ 724   $ 415 A reconciliation of the U.S. federal statutory income tax rate to our effective income tax rate for financial reporting purposes is as follows:     Year Ended December 31,   2014   2013   2012 U.S. federal statutory income tax rate 35.0  %   35.0  %   35.0  % Legal and regulatory settlements 524.1         State and local income taxes 64.2   2.8   3.5 Foreign operations (79.6 )   (3.9 )   (2.7 ) S P Dow Jones Indices LLC joint venture (60.2 )   (2.0 )   (1.1 ) Tax credits and incentives (91.5 )   (2.1 )   (2.4 ) Other, net 61.7   2.9   3.3 Effective income tax rate for continuing operations 453.7  %   32.7  %   35.6  % The principal temporary differences between the accounting for income and expenses for financial reporting and income tax purposes are as follows:   (in millions) December 31,   2014   2013 Deferred tax assets:       Legal and regulatory settlements $ 305   $ 6 Employee compensation 98   72 Accrued expenses 107   136 Postretirement benefits 140   32 Unearned revenue 24   55 Allowance for doubtful accounts 12   15 Loss carryforwards 29   28 Other 12   10 Total deferred tax assets 727   354 Deferred tax liabilities:       Goodwill and intangible assets 1 (377 )   (379 ) Fixed assets (11 )   (55 ) Other       Total deferred tax liabilities (388 )   (434 ) Net deferred income tax asset (liability) before valuation allowance 339   (80 ) Valuation allowance (12 )   (5 ) Net deferred income tax asset (liability) $ 327   $ (85 ) Reported as:       Current deferred tax assets $ 363   $ 108 Current deferred tax liabilities (2 )   (10 ) Non-current deferred tax assets 22   23 Non-current deferred tax liabilities (56 )   (206 ) Net deferred income tax asset (liability) $ 327   $ (85 ) 1   See Note 2   Acquisitions and Divestitures for further discussion regarding the impact related to the S P Dow Jones Indices LLC."
43,q4-15,10-K,HEICO CORP,46619,2015-12-17,http://www.sec.gov/Archives/edgar/data/46619/000004661915000078,No,"Two customers accounted for approximately 44% and 13% of the Company s revenues for the nine months ended September 30, 2014."
44,q4-15,10-K,HEICO CORP,46619,2015-12-17,http://www.sec.gov/Archives/edgar/data/46619/000004661915000078,No,"Accounts Receivable Accounts receivable consist of amounts billed and currently due from customers and unbilled costs and estimated earnings related to revenue from certain fixed price contracts recognized on the percentage-of-completion method that have been recognized for accounting purposes, but not yet billed to customers."
45,q4-15,10-K,HEICO CORP,46619,2015-12-17,http://www.sec.gov/Archives/edgar/data/46619/000004661915000078,No,"Net sales of K-C Venezuela represented less than 1 percent and 3 percent of consolidated net sales for the nine months ended September 30, 2015 and 2014 , respectively."
46,q4-15,10-K,HEICO CORP,46619,2015-12-17,http://www.sec.gov/Archives/edgar/data/46619/000004661915000078,No,"In 2014, 2013 and 2012, these customers accounted for 48.9%, 43.4% and 40.3% of consolidated operating revenues, respectively, and represented 57.9% and 51.7% of trade accounts receivable as of December 31, 2014 and 2013, respectively."
47,q4-15,10-K,HEICO CORP,46619,2015-12-17,http://www.sec.gov/Archives/edgar/data/46619/000004661915000078,No,Our largest customer represents approximately 2.0% of our total revenues.
48,q4-15,10-K,"Helmerich & Payne, Inc.",46765,2015-11-25,http://www.sec.gov/Archives/edgar/data/46765/000104746915008958,No,"In conjunction with the initial sale of the Bancorp's 51 % interest in Vantiv Holding, LLC , the Bancorp received a warrant which is accounted f or as a free-standing derivative ."
49,q4-15,10-K,"Helmerich & Payne, Inc.",46765,2015-11-25,http://www.sec.gov/Archives/edgar/data/46765/000104746915008958,No,"At September 30, 2015 , 4% of unrealized losses in the available-for-sale and other securities po rtfolio were represented by non- rated securities , compared to less than 1% at December 31, 2014. "
50,q4-15,10-K,HP INC,47217,2015-12-16,http://www.sec.gov/Archives/edgar/data/47217/000104746915009251,No, Significant Customers No single customer accounted for more than 10% of the consolidated revenues during any of the past three fiscal years. 
51,q4-15,10-K,HP INC,47217,2015-12-16,http://www.sec.gov/Archives/edgar/data/47217/000104746915009251,No,"INVENTORIES (CONTINUED) Long-term Contracts For long-term aerospace contracts, the Company generally recognizes revenue and cost based on the percentage-of-completion method of accounting, which allows for recognition of revenue as work on a contract progresses."
52,q4-15,10-K,HP INC,47217,2015-12-16,http://www.sec.gov/Archives/edgar/data/47217/000104746915009251,No," The following customers or their affiliates or contract manufacturers accounted for more than ten percent of the Company s net sales, by geographic region."
53,q4-15,10-Q,HollyFrontier Corp,48039,2015-11-05,http://www.sec.gov/Archives/edgar/data/48039/000004803915000069,No,"September 30, 2015   December 31, 2014   Dollars of Delinquency   Delinquency Ratio   Dollars of Delinquency   Delinquency Ratio   (dollars are in millions) Real estate secured receivables (1) :               First lien $ 277   3.61 %   $ 1,388   6.89 % Second lien 98   5.02   154   6.12 Real estate secured receivables held for sale 1,137   11.32   530   61.63 Total real estate secured receivables (2) $ 1,512   7.69 %   $ 2,072   8.81 %   (1)   The receivable balances included in this table reflects the principal amount outstanding on the loan net of any charge-off recorded in accordance with our existing charge-off policies but excludes any basis adjustments to the loan such as unearned income, unamortized deferred fees and costs on originated loans, purchase accounting fair value adjustments and premiums or discounts on purchased loans."
54,q4-15,10-K,HORMEL FOODS CORP /DE/,48465,2015-12-16,http://www.sec.gov/Archives/edgar/data/48465/000110465915085151,No,"Sales to customers outside the U.S. represented $18.8 million ( 13% ) and $16.7 million ( 14% ) of total revenue for the nine months ended September 30, 2015 and 2014 , respectively."
55,q4-15,10-K,HORMEL FOODS CORP /DE/,48465,2015-12-16,http://www.sec.gov/Archives/edgar/data/48465/000110465915085151,No,"CONCENTRATION OF MAJOR CUSTOMERS AND SUPPLIERS For the three and nine months ended September 30, 2015, one commercial customer accounted for 96% and 98% of our total revenue, respectively."
56,q4-15,10-K,HORMEL FOODS CORP /DE/,48465,2015-12-16,http://www.sec.gov/Archives/edgar/data/48465/000110465915085151,No,"In the prior fiscal year, one customer in the Industrial sector represented 18% of sales and one customer in the Medical sector represented 15% of sales."
57,q4-15,10-Q,HUMANA INC,49071,2015-11-06,http://www.sec.gov/Archives/edgar/data/49071/000004907115000098,No,"September 30, 2015 (In millions)   Fair Value   Valuation Technique(s)   Unobservable Input   Range (Weighted Average)   Assets:                         Securities available for sale, carried at fair value:                           Fixed maturities:                              Mortgage- and asset-backed securities     $ 220     Consensus pricing   Offered quotes   N/A (d)          Banks/financial institutions     26     Consensus pricing   Offered quotes   N/A (d)       Equity securities     3     Net asset value   Offered quotes   $1 - $680 ($7)     Other assets:                            Foreign currency swaps     4     Discounted cash flow   Interest rates (USD)   2.00% - 2.52% (a)                   Interest rates (JPY)   .51% - 1.36% (b)                   CDS spreads   15 - 103 bps                   Foreign exchange rates   20.16% (c)         102     Discounted cash flow   Interest rates (USD)   2.00% - 2.52% (a)                   Interest rates (JPY)   .51% - 1.36% (b)                   Foreign exchange rates   20.16% (c)               Total assets     $ 355                 (a) Inputs derived from U.S. long-term rates to accommodate long maturity nature of our swaps (b) Inputs derived from Japan long-term rates to accommodate long maturity nature of our swaps (c) Based on 10 year volatility of JPY/USD exchange rate (d) N/A represents securities where we receive unadjusted broker quotes and for which there is no transparency into the providers' valuation techniques or unobservable inputs. "
58,q4-15,10-Q,HUMANA INC,49071,2015-11-06,http://www.sec.gov/Archives/edgar/data/49071/000004907115000098,No,"September 30, 2015 (In millions)   Fair Value   Valuation Technique(s)   Unobservable Input   Range (Weighted Average)   Liabilities:                              Foreign currency swaps     $ 183     Discounted cash flow   Interest rates (USD)   2.00% - 2.52% (a)                   Interest rates (JPY)   .51% - 1.36% (b)                   CDS spreads   15 - 103 bps                   Foreign exchange rates   20.16% (c)         142     Discounted cash flow   Interest rates (USD)   2.00% - 2.52% (a)                   Interest rates (JPY)   .51% - 1.36% (b)                   CDS spreads   67 - 251 bps         18     Discounted cash flow   Interest rates (USD)   2.00% - 2.52% (a)                   Interest rates (JPY)   .51% - 1.36% (b)                   Foreign exchange rates   20.16% (c)               Total liabilities     $ 343                 (a) Inputs derived from U.S. long-term rates to accommodate long maturity nature of our swaps (b) Inputs derived from Japan long-term rates to accommodate long maturity nature of our swaps (c) Based on 10 year volatility of JPY/USD exchange rate December 31, 2014 (In millions)   Fair Value   Valuation Technique(s)   Unobservable Input   Range (Weighted Average)   Assets:                         Securities available for sale, carried at fair value:                           Fixed maturities:                              Mortgage- and asset-backed securities     $ 223     Consensus pricing   Offered quotes   N/A (d)          Banks/financial institutions     26     Consensus pricing   Offered quotes   N/A (d)       Perpetual securities:                              Banks/financial institutions     149     Consensus pricing   Offered quotes   N/A (d)       Equity securities     3     Net asset value   Offered quotes   $1-$677 ($6)     Other assets:                              Foreign currency swaps     8     Discounted cash flow   Interest rates (USD)   2.28% - 2.70% (a)                   Interest rates (JPY)   .53% - 1.34% (b)                   CDS spreads   16 - 105 bps                   Foreign exchange rates   20.50% (c)         98     Discounted cash flow   Interest rates (USD)   2.28% - 2.70% (a)                   Interest rates (JPY)   .53% - 1.34% (b)                   Foreign exchange rates   20.50% (c)               Total assets     $ 507                 (a) Inputs derived from U.S. long-term rates to accommodate long maturity nature of our swaps (b) Inputs derived from Japan long-term rates to accommodate long maturity nature of our swaps (c) Based on 10 year volatility of JPY/USD exchange rate (d) N/A represents securities where we receive unadjusted broker quotes and for which there is no transparency into the providers' valuation techniques or unobservable inputs."
59,q4-15,10-Q,HUMANA INC,49071,2015-11-06,http://www.sec.gov/Archives/edgar/data/49071/000004907115000098,No,Major Customers         No single customer represented 10% or more of HP's total net revenue in any fiscal year presented.
60,q4-15,10-Q,HUMANA INC,49071,2015-11-06,http://www.sec.gov/Archives/edgar/data/49071/000004907115000098,No,"Our top ten customers combined accounted for approximately 62% and 64% of our total net revenue for each of the three months ended October 31, 2015 and 2014, respectively."
61,q4-15,10-Q,ID SYSTEMS INC,49615,2015-11-13,http://www.sec.gov/Archives/edgar/data/49615/000114420415065159,No,"Fiscal Year Ended       September 30,   (In Thousands)   2015     2014                 Direct Hire Placement Services             Revenue   $ 6,665     $ 7,088   Placement services gross margin     100 %     100 % Operating loss     (795 )     (499 ) Depreciation   amortization     154       230   Accounts receivable   net     630       805   Intangible assets     109       228   Goodwill     24       24   Total assets     4,267       2,285                     Contract Staffing Services                 Industrial services revenue   $ 26,499     $ 25,031   Professional services revenue     10,223       7,692   Industrial services gross margin     12.3 %     15.60 % Professional services gross margin     31.5 %     31.10 % Operating income   $ 1,352     $ 1,159   Depreciation and amortization     579       268   Accounts receivable   industrial services     2,897       3,318   Accounts receivable   professional services     2,629       784   Intangible assets     4,787       1,332   Goodwill     8,196       1,082   Total assets   $ 22,607     $ 7,559   Unallocated Expenses                 Corporate administrative expenses   $ 615     $ 391   Corporate facility expenses     80       160   Board related expenses     238       93   Interest expense     544       507   Stock option amortization expense     340       120   Acquisition, integration and restructuring expenses     373       30   Total unallocated expenses   $ 2,190     $ 1,301                     Consolidated                 Total revenue   $ 43,387     $ 39,811   Operating loss     (1,633 )     (641 ) Depreciation and amortization     733       498   Total accounts receivables   net     6,156       4,907   Intangible assets     4,896       1,560   Goodwill     8,220       1,106   Assets from continuing operations     26,874       9,844   Total assets   $ 26,874     $ 9,844   "
62,q4-15,10-Q,ID SYSTEMS INC,49615,2015-11-13,http://www.sec.gov/Archives/edgar/data/49615/000114420415065159,No,"For the year-to-date period ended October 3, 2015, Venezuela represented approximately 2% of total net sales as the CENCOEX official rate was used to remeasure the Venezuelan subsidiary s income statement through July 4, 2015."
63,q4-15,10-K,IEC ELECTRONICS CORP,49728,2015-12-18,http://www.sec.gov/Archives/edgar/data/49728/000004972815000119,No,"As a result of the NDPSC approval of the sale agreement with Montana-Dakota Utilities in the second quarter of 2015, ALLETE Clean Energy began accounting for the project under the percentage of completion method of accounting for contracts."
64,q4-15,10-K,IEC ELECTRONICS CORP,49728,2015-12-18,http://www.sec.gov/Archives/edgar/data/49728/000004972815000119,No,"The percentage of revenues realized from each of these types of contracts for each of the last three fiscal years was as follows:     2015   2014   2013 Cost-reimbursable   83 %   83 %   85 % Fixed-price   17 %   17 %   15 % Basis of Presentation, Definition of Fiscal Year, and Other Matters The accompanying Consolidated Financial Statements have been prepared in accordance with U.S. GAAP and include the accounts of Jacobs Engineering Group Inc. and its subsidiaries and affiliates which it controls."
65,q4-15,10-K,IEC ELECTRONICS CORP,49728,2015-12-18,http://www.sec.gov/Archives/edgar/data/49728/000004972815000119,No,"Total revenues attributed to the U.S. and all foreign countries in total for the last three fiscal years are as follows:     Fiscal Year Ended   October 25, October 26, October 27, (in thousands) 2015 2014 2013 United States $ 8,721,722 $ 8,708,042 $ 8,193,730         Foreign 542,141 608,214 557,924           $ 9,263,863 $ 9,316,256 $ 8,751,654           In fiscal 2015, sales to Wal-Mart Stores, Inc. (Wal-Mart) represented $1.43 billion or 13.9 percent of the Company s consolidated revenues (measured as gross sales less returns and allowances)."
66,q4-15,10-Q,AFLAC INC,4977,2015-11-03,http://www.sec.gov/Archives/edgar/data/4977/000000497715000172,No,"Fiscal Year Ended September 30, 2015   Americas     APAC Region   EMEA Region   Total Company Diabetic Customer A  - %   81 %    2 %    33 %  Diabetic Customer B  20 %    2 %    12 %    10 %  Diabetic Customer C  34 %    - %   44 %    24 %  Diabetic Customer D  20 %    2 %    27 %    15 %  Other Customer C  5 %    - %   - %   1 %      Fiscal Year Ended September 30, 2014   Americas     APAC Region   EMEA Region   Total Company   Diabetic Customer A  - %   87 %    4 %    27 %  Diabetic Customer B  24 %    3 %    19 %    14 %  Diabetic Customer C  24 %    - %   58 %    24 %  Diabetic Customer D  14 %    2 %    22 %    11 %  Other Customer C  20 %    - %   1 %    6 %    * Other Customer A, B, and D represented less than ten percent of the Company s net sales of any geographic region during the fiscal years ended September 30, 2015 and 2014."
67,q4-15,10-Q,AFLAC INC,4977,2015-11-03,http://www.sec.gov/Archives/edgar/data/4977/000000497715000172,No,Set forth in the table below are customers which individually accounted for 10% or more of our net revenue.
68,q4-15,10-Q,AFLAC INC,4977,2015-11-03,http://www.sec.gov/Archives/edgar/data/4977/000000497715000172,No,Each of KCP L Receivables Company's and GMO Receivables Company's sale of the undivided percentage ownership interest in accounts receivable to Victory Receivables Corporation is accounted for as a secured borrowing with accounts receivable pledged as collateral and a corresponding short-term collateralized note payable recognized on the balance sheets.
69,q4-15,10-Q,AFLAC INC,4977,2015-11-03,http://www.sec.gov/Archives/edgar/data/4977/000000497715000172,No,"Consumer At September 30, 2015 , our U.S. consumer financing receivables included private-label credit card and sales financing for approximately 63 million customers across the U.S. with no metropolitan area accounting for more than 6 % of the portfolio."
70,q4-15,10-Q,AFLAC INC,4977,2015-11-03,http://www.sec.gov/Archives/edgar/data/4977/000000497715000172,No,"Accounts Receivable   Accounts receivables consist of the following at:     (Dollars in thousands)   September 30, 2015     December 31, 2014                     U.S. and State Government   $ 122     $ 3   Commercial     823       1,193   Allowance for doubtful accounts     (54 )           Total   $ 891     $ 1,196     For the nine months ended September 30, 2015 and 2014, the largest commercial customer represented 6.4% and 12.6%, respectively, and the largest governmental agency represented 5.2% and 22.1%, respectively, of the Company s product revenue."
71,q4-15,10-Q,TESORO CORP /NEW/,50104,2015-10-29,http://www.sec.gov/Archives/edgar/data/50104/000005010415000035,No," Note 17 MARKET SECTORS AND MAJOR CUSTOMERS   A summary of sales, according to the market sector within which IEC s customers operate, follows:       Years Ended % of Sales by Sector   September 30, 2015   September 30, 2014           Aerospace   Defense   38%   43% Medical   34%   23% Industrial   26%   28% Communications   Other   2%   6%   100%   100% Three individual customers represented 10% or more of sales for the year ended September 30, 2015 ."
72,q4-15,10-K/A,PARK CITY GROUP INC,50471,2015-10-09,http://www.sec.gov/Archives/edgar/data/50471/000141588915003345,No,"The percentages of total revenues contributed by classes of similar products for the last three fiscal years are as follows:     Fiscal Year Ended   October 25, October 26, October 27,   2015 2014 2013 Perishable 53.0% 54.5% 53.3%         Poultry 18.6 18.4 18.8         Shelf-stable 18.4 19.0 19.0         Miscellaneous 10.0 8.1 8.9           100.0% 100.0% 100.0%           Revenues from external customers are classified as domestic or foreign based on the destination where title passes."
73,q4-15,10-K/A,PARK CITY GROUP INC,50471,2015-10-09,http://www.sec.gov/Archives/edgar/data/50471/000141588915003345,No, Set forth in the table below are customers which individually accounted for 10% or more of our net revenue.
74,q4-15,10-K,GRIFFON CORP,50725,2015-11-12,http://www.sec.gov/Archives/edgar/data/50725/000005072515000080,No,"Net revenue by country in which HP operates was as follows:                                                                                                                                                                                          For the fiscal years ended October 31       2015   2014   2013       In millions   U.S.    $ 37,679    $ 38,805    $ 40,284    Other countries     65,676      72,649      72,014    &#x200B; &#x200B; &#x200B;   &#x200B;   &#x200B; &#x200B;   &#x200B;   &#x200B; &#x200B;   &#x200B;   &#x200B; Total net revenue   $ 103,355    $ 111,454    $ 112,298    &#x200B; &#x200B; &#x200B;   &#x200B;   &#x200B; &#x200B;   &#x200B;   &#x200B; &#x200B;   &#x200B;   &#x200B; &#x200B; &#x200B; &#x200B;   &#x200B;   &#x200B; &#x200B;   &#x200B;   &#x200B; &#x200B;   &#x200B;   &#x200B;         As of October 31, 2015, the U.S. and Netherlands each represented more than 10% of net assets."
75,q4-15,10-K,GRIFFON CORP,50725,2015-11-12,http://www.sec.gov/Archives/edgar/data/50725/000005072515000080,No," December 31, 2014 (In millions)   Fair Value   Valuation Technique(s)   Unobservable Input   Range (Weighted Average)   Assets:                         Securities available for sale, carried at fair value:                           Fixed maturities:                              Mortgage- and asset-backed securities     $ 223     Consensus pricing   Offered quotes   N/A (d)          Banks/financial institutions     26     Consensus pricing   Offered quotes   N/A (d)       Perpetual securities:                              Banks/financial institutions     149     Consensus pricing   Offered quotes   N/A (d)       Equity securities     3     Net asset value   Offered quotes   $1-$677 ($6)     Other assets:                              Foreign currency swaps     8     Discounted cash flow   Interest rates (USD)   2.28% - 2.70% (a)                   Interest rates (JPY)   .53% - 1.34% (b)                   CDS spreads   16 - 105 bps                   Foreign exchange rates   20.50% (c)         98     Discounted cash flow   Interest rates (USD)   2.28% - 2.70% (a)                   Interest rates (JPY)   .53% - 1.34% (b)                   Foreign exchange rates   20.50% (c)               Total assets     $ 507                 (a) Inputs derived from U.S. long-term rates to accommodate long maturity nature of our swaps (b) Inputs derived from Japan long-term rates to accommodate long maturity nature of our swaps (c) Based on 10 year volatility of JPY/USD exchange rate (d) N/A represents securities where we receive unadjusted broker quotes and for which there is no transparency into the providers' valuation techniques or unobservable inputs."
76,q4-15,10-K,JACOBS ENGINEERING GROUP INC /DE/,52988,2015-11-24,http://www.sec.gov/Archives/edgar/data/52988/000005298815000155,No,Revenue Recognition The Company s Building Efficiency business recognizes revenue from certain long-term contracts over the contractual period under the percentage-of-completion method of accounting.
77,q4-15,10-K,JACOBS ENGINEERING GROUP INC /DE/,52988,2015-11-24,http://www.sec.gov/Archives/edgar/data/52988/000005298815000155,No,"September 30, 2015 (In millions)   Fair Value   Valuation Technique(s)   Unobservable Input   Range (Weighted Average)   Assets:                         Securities available for sale, carried at fair value:                           Fixed maturities:                              Mortgage- and asset-backed securities     $ 220     Consensus pricing   Offered quotes   N/A (d)          Banks/financial institutions     26     Consensus pricing   Offered quotes   N/A (d)       Equity securities     3     Net asset value   Offered quotes   $1 - $680 ($7)     Other assets:                            Foreign currency swaps     4     Discounted cash flow   Interest rates (USD)   2.00% - 2.52% (a)                   Interest rates (JPY)   .51% - 1.36% (b)                   CDS spreads   15 - 103 bps                   Foreign exchange rates   20.16% (c)         102     Discounted cash flow   Interest rates (USD)   2.00% - 2.52% (a)                   Interest rates (JPY)   .51% - 1.36% (b)                   Foreign exchange rates   20.16% (c)               Total assets     $ 355                 (a) Inputs derived from U.S. long-term rates to accommodate long maturity nature of our swaps (b) Inputs derived from Japan long-term rates to accommodate long maturity nature of our swaps (c) Based on 10 year volatility of JPY/USD exchange rate (d) N/A represents securities where we receive unadjusted broker quotes and for which there is no transparency into the providers' valuation techniques or unobservable inputs."
78,q4-15,10-K,JOHNSON CONTROLS INC,53669,2015-11-18,http://www.sec.gov/Archives/edgar/data/53669/000005366915000034,No,"For each of the fiscal years of 2015, 2014 and 2013, other than the U.S., no country represented more than 10% of HP's net revenue."
79,q4-15,10-Q,KAMAN Corp,54381,2015-10-29,http://www.sec.gov/Archives/edgar/data/54381/000005438115000058,No," Concentration of Credit Risk The Company's customer base is highly concentrated, with its top five customers accounting for approximately 64.9% and 59.4% of its total revenues during the three months ended October 24, 2015 and October 25, 2014 , respectively."
80,q4-15,10-Q,KAMAN Corp,54381,2015-10-29,http://www.sec.gov/Archives/edgar/data/54381/000005438115000058,No,"Amounts representing contract change orders or claims are included in revenue only when they can be reliably estimated and their realization is probable, and are determined on a percentage-of-completion basis measured by the cost-to-cost method."
81,q4-15,425,FURMANITE CORP,54441,2015-12-17,http://www.sec.gov/Archives/edgar/data/54441/000005444115000143,No,"Two customers accounted for 17 % and 16 % of the Company s revenue during the nine-month period ended September 30, 2014."
82,q4-15,10-Q,KANSAS CITY POWER & LIGHT CO,54476,2015-11-05,http://www.sec.gov/Archives/edgar/data/54476/000114306815000087,No,"The Company s sales to its top ten customers for the fiscal years ended July 31, 2015, 2014, and 2013, along with the accounts receivable for the same customers at July 31, 2015, 2014, and 2013, are summarized as follows:        Fiscal Year Ended July 31,        2015     2014     2013   Net sales to the top ten customers      54 %      51 %      70 %  Accounts receivable from top ten customers (in millions)    $ 43.1      $ 48.6      $ 21.2           Fiscal Year Ended July 31,        2015     2014     2013   The Company s customers over 10% of net sales:        Spirox      13 %      17 %      27 %  Texas Instruments       10 %       10 %      12 %    The Company s net sales to geographic area for the fiscal years ended July 31, 2015, 2014, and 2013, along with the long-lived assets by location at July 31, 2015 and July 31, 2014, are summarized as follows:        Fiscal Year Ended July 31,        2015      2014      2013        (in thousands)   Sales to unaffiliated customers (ship to location):          United States    $ 85,467       $ 65,878       $ 25,999    Taiwan      50,759         51,699         39,913    Philippines      50,271         33,767         23,106    Malaysia      38,840         21,611         15,935    Thailand      26,414         18,806         4,597    Hong Kong/China      43,330         27,108         13,373    Germany      29,503         21,385         6,855    Singapore      21,652         30,174         9,221    All other countries (none of which is individually greater than 10% of net sales)      51,742         34,678         12,983                               Total sales to unaffiliated customers    $ 397,978       $ 305,106       $ 151,982                                      As of July 31,        2015      2014        (in thousands)   Long-lived assets:       United States    $ 16,317       $ 16,570    Germany      9,254         9,198    Malaysia      3,281         3,598    China      471         711    Singapore      678         689    Japan      617         446    Philippines      273         391    Taiwan      181         107    All other countries      378         443                      Total long-lived assets    $ 31,450       $ 32,153                      Transfer prices on products sold to foreign subsidiaries are intended to produce profit margins that correspond to the subsidiary s sales and support efforts. "
83,q4-15,10-Q,KELLOGG CO,55067,2015-11-06,http://www.sec.gov/Archives/edgar/data/55067/000162828015008445,No,"Special revenue bonds, issued by a municipality to finance a specific public works project such as utilities, water and sewer, transportation, or education, and supported by the revenues of that project, accounted for the remaining 61% of these municipals."
84,q4-15,10-Q,KIMBERLY CLARK CORP,55785,2015-10-21,http://www.sec.gov/Archives/edgar/data/55785/000005578515000118,No,"Customers whose revenues exceeded 10% of total revenue during the three months ended October 24, 2015 or October 25, 2014 were as follows:   For the Three Months Ended   October 24, 2015   October 25, 2014 AT T Inc. 19.1%   21.2% CenturyLink, Inc. 15.6%   13.1% Comcast Corporation 12.0%   12.8% Certain customers represented 10% or more of combined amounts of trade accounts receivable and costs and estimated earnings in excess of billings, net (""CIEB, net"") as of October 24, 2015 or July 25, 2015 ."
85,q4-15,10-K,KULICKE & SOFFA INDUSTRIES INC,56978,2015-11-18,http://www.sec.gov/Archives/edgar/data/56978/000005697815000125,No,"At September 30, 2015 , our military services business, which accounted for approximately 1% of our total premiums and services revenue for the nine months ended September 30, 2015 , primarily consisted of the TRICARE South Region contract."
86,q4-15,10-K,KULICKE & SOFFA INDUSTRIES INC,56978,2015-11-18,http://www.sec.gov/Archives/edgar/data/56978/000005697815000125,No,"The percentage-of-completion method of accounting for these contracts recognizes revenue, net of any promotional discounts, and costs in proportion to actual labor costs incurred, as compared with total estimated labor costs expected to be incurred during the entire contract."
87,q4-15,10-Q,"SNYDER'S-LANCE, INC.",57528,2015-11-10,http://www.sec.gov/Archives/edgar/data/57528/000005752815000029,No,"During the three and nine months ended September 30, 2015, two customers accounted for 36% and 34% of total revenues, respectively, and 37% of trade receivables."
88,q4-15,10-Q,LANNETT CO INC,57725,2015-11-05,http://www.sec.gov/Archives/edgar/data/57725/000110465915075968,No,"For the years ended September 30, 2015 and 2014, this company represented 15% and 16% of total net revenue, respectively. "
89,q4-15,10-Q,LANNETT CO INC,57725,2015-11-05,http://www.sec.gov/Archives/edgar/data/57725/000110465915075968,No,"The asset,  costs and estimated earnings in excess of billings  on uncompleted percentage-of-completion contracts, included in accounts receivable, represents revenue recognized in excess of amounts billed."
90,q4-15,10-Q,LINCOLN NATIONAL CORP,59558,2015-10-29,http://www.sec.gov/Archives/edgar/data/59558/000005955815000056,No," The following table summarizes the impact from 94% of the Company s aerospace and defense segment net sales over the first nine months of fiscal 2015 and 2014 , accounted for under the percentage-of-completion method of accounting:   Three months ended August 31,   Nine months ended August 31,   2015   2014   2015   2014   (In millions, except per share amounts) Favorable (unfavorable) effect of the changes in contract estimates on loss from continuing operations before income taxes $ 11.2   $ (5.3 )   $ 18.4   $ (8.2 ) Favorable (unfavorable) effect of the changes in contract estimates on net loss 6.8   (2.3 )   11.1   (3.9 ) Favorable (unfavorable) effect of the changes in contract estimates on basic and diluted net loss per share 0.11   (0.04 )   0.18   (0.07 ) "
91,q4-15,10-K,ANALOG DEVICES INC,6281,2015-11-24,http://www.sec.gov/Archives/edgar/data/6281/000000628115000044,No,"The liability,  billings in excess of costs and estimated earnings,  included in accrued expenses and other current liabilities, represents billings in excess of revenue recognized on contracts accounted for under the percentage-of-completion method."
92,q4-15,10-K,ANALOG DEVICES INC,6281,2015-11-24,http://www.sec.gov/Archives/edgar/data/6281/000000628115000044,No,Revenue from the rendering of services represented less than 10% of consolidated net sales for all periods presented.
93,q4-15,10-K,ANALOG DEVICES INC,6281,2015-11-24,http://www.sec.gov/Archives/edgar/data/6281/000000628115000044,No,The B2B research business represented less than 5% of our total 2014 revenues.
94,q4-15,10-Q,ANALOGIC CORP,6284,2015-12-09,http://www.sec.gov/Archives/edgar/data/6284/000119312515398222,No," The following table summarizes customer accounts receivable by company as of September 30 : (Thousands) 2015   2014 NJRES $ 107,461 69 %   $ 142,566 75 % NJNG (1) 41,130 26   41,281 22 NJRCEV 1,084 1   594   NJRHS and other 5,598 4   5,529 3 Total $ 155,273 100 %   $ 189,970 100 % (1) Does not include unbilled revenues of $6.4 million and $7.2 million as of September 30, 2015 and 2014 , respectively. "
95,q4-15,10-Q,ANALOGIC CORP,6284,2015-12-09,http://www.sec.gov/Archives/edgar/data/6284/000119312515398222,No," Long-term Debt Long-term debt consists of the following: (In thousands) September 30, 2015   June 30, 2015 Variable-rate credit facilities         Asset-backed bank facility of $100 million, due 10/21/2017   $ 80,000   $ 80,000 Revolving credit facility of $200 million, due 3/27/2019   105,000   77,500 Term loan due 3/27/2019   234,375   237,500           Private placement notes         3.04% senior notes, due 3/1/2016   50,000   50,000 3.04% senior notes, due 3/1/2017   50,000   50,000 3.04% senior notes, due 3/1/2018   50,000   50,000 Floating rate senior notes, due 12/19/2022   100,000   100,000 Floating rate senior notes, due 2/28/2024   150,000   150,000 Total long-term debt   819,375   795,000 Current portion of long-term debt   (65,625 )   (62,500 ) Long-term debt   $ 753,750   $ 732,500 In connection with the asset-backed bank facility, Meredith entered into a revolving agreement to sell all of its rights, title, and interest in the majority of its accounts receivable related to advertising and miscellaneous revenues to Meredith Funding Corporation, a special-purpose entity established to purchase accounts receivable from Meredith."
96,q4-15,10-Q,ANALOGIC CORP,6284,2015-12-09,http://www.sec.gov/Archives/edgar/data/6284/000119312515398222,No,"September 30,       September 30, Geographic Data 2015 2014 Total revenues:         United States $           344,318 $           119,406         Foreign (1) 588,466 769,107 $ 932,784 $ 888,513 <div style=""font: /normal 'times new roman'; color: #000000; text-transform: none; text-indent: 0px; letter-spacing: normal; word-spacing: 0px; white-space: normal; widows: 1; -webkit-text-stroke-width: 0px;"">____________________         (1)        Total revenue from the People s Republic of China and Singapore represented 60% and 86% of total revenues for the nine months ended September 30, 2015 and September 30, 2014, respectively."
97,q4-15,8-K,MCGRAW HILL FINANCIAL INC,64040,2015-10-29,http://www.sec.gov/Archives/edgar/data/64040/000006404015000017,No,Net sales to any one customer or originating from any one country did not account for 10% or more of the Company s consolidated net sales during any of the last three fiscal years.
98,q4-15,8-K,MCGRAW HILL FINANCIAL INC,64040,2015-10-29,http://www.sec.gov/Archives/edgar/data/64040/000006404015000017,No,One customer in the Industrial sector represented 17% of sales.
99,q4-15,8-K,MCGRAW HILL FINANCIAL INC,64040,2015-10-29,http://www.sec.gov/Archives/edgar/data/64040/000006404015000017,No,"For the three-month periods ended September 30, 2015 and 2014, and as of each respective period-end, total revenues and accounts receivable by geographic area were as follows: <td align=""left"" width=""47%"" nowrap=""nowrap"">       September 30,       September 30, Geographic Data 2015 2014 Total revenues:         United States $           135,575 $           64,937         Foreign (1) 179,804 357,386 $ 315,379 $ 422,323 ____________________ <table style=""text-transform: none; text-indent: 0px; letter-spacing: normal; font-family: 'times new roman'; word-spacing: 0px; widows: 1; -webkit-text-stroke-width: 0px;"" border=""0"" cellspacing=""0"" cellpadding=""0"">         (1)        Total revenue from the People s Republic of China and Singapore represented 55% and 84% of total revenues for the three months ended September 30, 2015 and September 30, 2014, respectively."
100,q4-15,10-Q,MECHANICAL TECHNOLOGY INC,64463,2015-11-05,http://www.sec.gov/Archives/edgar/data/64463/000100329715000427,No,"For the nine months ended September 30, 2015 and 2014 , the three largest customers accounted for 57% and 56% , respectively, of the Company s total revenue."
101,q4-15,10-K,GENCOR INDUSTRIES INC,64472,2015-12-09,http://www.sec.gov/Archives/edgar/data/64472/000119312515398371,No,We account for revenue and earnings using the percentage-of-completion method.
102,q4-15,10-K,GENCOR INDUSTRIES INC,64472,2015-12-09,http://www.sec.gov/Archives/edgar/data/64472/000119312515398371,No,"Depending on the commercial terms of the contract, we recognize revenues either when costs are incurred, or using the percentage-of-completion method of accounting by relating contract costs incurred to date to the total estimated costs at completion."
103,q4-15,10-K,GENCOR INDUSTRIES INC,64472,2015-12-09,http://www.sec.gov/Archives/edgar/data/64472/000119312515398371,No," For the Three Months Ended For the Nine Months Ended       September 30,       September 30,       September 30, September 30, 2015 2014 2015       2014 Operations Net Revenues $           87,242 528,573 $       600,160 $       1,280,609 Cost of Sales 84,397 312,727 <td align=""left"" width=""1%"" nowrap=""nowrap"" style=""border-bottom-color: #000000; border-bottom-width: 1pt; border-bottom-style: solid;"" bgcolor=""#c0c0c0""> 537,368 766,036                 Gross margin 2,845 215,846 62,792 514,573   Research and Development Expenses - 40,770 18,746 177,724 General, administrative and selling        expenses 63,641 170,103 347,763 540,368 Gain on sale of Anti-Noise Products   <td align=""left"" width=""80%"" nowrap=""nowrap"" bgcolor=""#c0c0c0"">        Division <td align=""left"" width=""1%"" nowrap=""nowrap"" bgcolor=""#c0c0c0""> - - 879,612 -                 (Loss) income from Discontinued               Operations $ (60,796 ) $       4,973 $ 575,895 $ (203,519 )     September 30, December 31, <td align=""center"" width=""5%"" nowrap=""nowrap"" style=""border-bottom-color: #000000; border-bottom-width: 1pt; border-bottom-style: solid;"" colspan=""3""> 2015 <td align=""center"" width=""4%"" nowrap=""nowrap"" style=""border-bottom-color: #000000; border-bottom-width: 1pt; border-bottom-style: solid;"" colspan=""2""> 2014 Assets Accounts Receivable, net $ 45,187 $ 56,411 Inventories, net 182,077 339,232 Property and equipment, net - 22,927 Assets from Discontinued Operations $ 227,264 $ 418,570 <td align=""left"" width=""2%"" nowrap=""nowrap"">   <td align=""left"" width=""1%"" nowrap=""nowrap"" bgcolor=""#c0c0c0""> Liabilities Trade accounts payable $ - $ 107,228 Other current liabilities 45,025 44,066 Liabilities from discontinued operations $ 45,025 <td align=""left"" width=""1%"" nowrap=""nowrap"" style=""font: /18.66px 'times new roman'; color: #000000; text-transform: none; text-indent: 0px; letter-spacing: normal; word-spacing: 0px; border-bottom-color: #000000; border-bottom-width: 2pt; border-bottom-style: double; widows: 1; -webkit-text-stroke-width: 0px;"" bgcolor=""#c0c0c0""> $ <td align=""right"" width=""3%"" nowrap=""nowrap"" style=""font: /18.66px 'times new roman'; color: #000000; text-transform: none; text-indent: 0px; letter-spacing: normal; word-spacing: 0px; border-bottom-color: #000000; border-bottom-width: 2pt; border-bottom-style: double; widows: 1; -webkit-text-stroke-width: 0px;"" bgcolor=""#c0c0c0""> 151,294 "
104,q4-15,10-Q,ANDREA ELECTRONICS CORP,6494,2015-11-16,http://www.sec.gov/Archives/edgar/data/6494/000120677415003500,No,"For the Three Months Ended September 30,      For the Nine Months Ended September 30,        2015      2014      2015      2014        (Dollars in thousands)   Investment securities available-for-sale:             Taxable    $ 11,840       $ 12,420       $ 37,548       $ 34,300    Tax-advantaged      2,894         5,227         12,623         15,691    Investment securities held-to-maturity:             Taxable      1,688         40         1,762         125    Tax-advantaged      1,748         -         1,748         -                                        Total interest income from investment securities    $ 18,170       $ 17,687       $ 53,681       $ 50,116                                        Approximately 84% of the total investment securities portfolio at September 30, 2015 represent securities issued by the U.S government or U.S. government-sponsored enterprises, with the implied guarantee of payment of principal and interest."
105,q4-15,10-Q,ANDREA ELECTRONICS CORP,6494,2015-11-16,http://www.sec.gov/Archives/edgar/data/6494/000120677415003500,No," NOTE 6 INCOME TAXES The provision for income tax expense (benefit) consists of:        Years Ended September 30,        2015      2014   Current:       Federal    $ 261,000       $ 667,000    State      37,000         65,000                      Total current      298,000         732,000                      Deferred:       Federal      (1,871,000 )       190,000    State      (154,000 )       18,000                      Total deferred      (2,025,000 )       208,000                      Income tax expense (benefit)    $ (1,727,000 )     $ 940,000                      A reconciliation of the federal statutory tax rate to the total tax provision is as follows:        Years Ended September 30,        2015     2014   Federal income taxes computed at the statutory rate      (34.0 %)      34.0 %  State income taxes, net of federal benefit      (3.3 %)      3.3 %  Research   development tax refunds   credits      (5.2 %)      (5.6 %)  Dividend received deduction                 (6.1 %)  Domestic international sales corporation benefits      (5.8 %)      (4.2 %)  Other, net      (0.4 %)      (0.1 %)                   Effective income tax rate      (48.7 %)      21.3 %                     Deferred tax assets and liabilities consist of the following:        September 30,        2015      2014   Deferred Tax Assets:       Accrued liabilities and reserves    $ 255,000       $ 288,000    Allowance for doubtful accounts      133,000         91,000    Inventory                  186,000    R D tax credits carryforwards      1,114,000         671,000    Stock-based compensation      194,000         194,000    Net operating losses carryforwards      48,000         58,000    Unrealized loss on investments      1,023,000                Other      14,000         24,000                      Gross Deferred Tax Assets      2,781,000         1,512,000                      Deferred and Other Tax Liabilities:       Unrealized gain on investments                  (798,000 )  Inventory      (43,000 )              Percentage of completion      (415,000 )       (104,000 )  Property and equipment      (806,000 )       (964,000 )  Unrecognized tax benefits      (150,000 )       (300,000 )  Other      (36,000 )       (39,000 )                    Gross Deferred and Other Tax Liabilities      (1,450,000 )       (2,205,000 )                    Net Deferred and Other Income Tax Assets (Liabilities)    $ 1,331,000       $ (693,000 )                    The Company has evaluated the available evidence and the likelihood of realizing the benefit of its deferred tax asset as of September 30, 2015."
106,q4-15,10-Q,ANDREA ELECTRONICS CORP,6494,2015-11-16,http://www.sec.gov/Archives/edgar/data/6494/000120677415003500,No,"ACQUISITIONS (Continued) 2015 Activity (Continued) For the nine months ended September 30, 2015 , revenue of $156.4 million and cost of sales of $133.0 million were recognized under the percentage of completion method of accounting for contracts and were reported on the Consolidated Statement of Income as Operating Revenue and Cost of Sales, respectively."
107,q4-15,10-Q,ANDREA ELECTRONICS CORP,6494,2015-11-16,http://www.sec.gov/Archives/edgar/data/6494/000120677415003500,No,"As such, the estimated range of reasonably possible loss is $0 to $25 (R$103), whereby the maximum end of the range represents the portion of the disallowed credits applicable to the export sales and excludes the 50% penalty."
108,q4-15,10-Q,ANDREA ELECTRONICS CORP,6494,2015-11-16,http://www.sec.gov/Archives/edgar/data/6494/000120677415003500,No," Customers that represented more than 10% of net sales for the periods presented are as follows:   Three months ended August 31,   Nine months ended August 31,   2015   2014   2015   2014 Lockheed Martin Corporation 31 %   28 %   28 %   26 % United Launch Alliance 20 %   27 %   19 %   26 % Raytheon Company 19 %   16 %   20 %   17 % NASA 13 %   10 %   12 %   12 % "
109,q4-15,10-Q,ANDREA ELECTRONICS CORP,6494,2015-11-16,http://www.sec.gov/Archives/edgar/data/6494/000120677415003500,No,"During the three months ended September 30, 2014 purchase by NGL Crude Logistics LLC, Laclede Energy and Enbridge Pipeline (East Texas) LP accounted for approximately 21% ,   13% and 12% of oil, natural gas liquids and natural gas sales, respectively."
110,q4-15,10-Q,ANDREA ELECTRONICS CORP,6494,2015-11-16,http://www.sec.gov/Archives/edgar/data/6494/000120677415003500,No,"Aflac Japan's revenues, including realized gains and losses on its investment portfolio, accounted for 70% and 74% of the Company's total revenues in the nine -month periods ended September 30, 2015 , and 2014 , respectively."
111,q4-15,10-Q,ANDREA ELECTRONICS CORP,6494,2015-11-16,http://www.sec.gov/Archives/edgar/data/6494/000120677415003500,No," GUARANTEES AND CONTINGENCIES Government Contracts Our Medicare products, which accounted for approximately 72% of our total premiums and services revenue for the nine months ended September 30, 2015 , primarily consisted of products covered under the Medicare Advantage and Medicare Part D Prescription Drug Plan contracts with the federal government."
112,q4-15,10-Q,ANDREA ELECTRONICS CORP,6494,2015-11-16,http://www.sec.gov/Archives/edgar/data/6494/000120677415003500,No,"During the three months ended September 30, 2015 purchases by Enbridge Pipeline (East Texas) LP, NGL Crude Logistics LLC and Eastex Crude Company accounted for approximately 28% ,   15% and 12% of oil, natural gas liquids and natural gas sales, respectively."
113,q4-15,10-Q,MEREDITH CORP,65011,2015-11-06,http://www.sec.gov/Archives/edgar/data/65011/000006501115000138,No,"During the nine months ended September 30, 2015 purchases by Enbridge Pipeline (East Texas) LP and NGL Crude Logistics LLC accounted for approximately 26% and 14% of oil, natural gas liquids and natural gas sales, respectively."
114,q4-15,10-Q,SIEBERT FINANCIAL CORP,65596,2015-11-16,http://www.sec.gov/Archives/edgar/data/65596/000135448815005120,No,"Under our long-term transportation agreements with HEP (discussed further below), we accounted for 82% of HEP s total revenues for the nine months ended September 30, 2015 ."
115,q4-15,10-Q,"MICROVISION, INC.",65770,2015-11-05,http://www.sec.gov/Archives/edgar/data/65770/000113626115000315,No,"For the nine-month periods ended September 30, 2015 and 2014, and as of each respective period-end, total revenues and accounts receivable by geographic area were as follows:       September 30,       September 30, Geographic Data 2015 2014 Total revenues:         United States $           344,318 $           119,406         Foreign (1) 588,466 769,107 $ 932,784 $ <td align=""right"" width=""1%"" nowrap=""nowrap"" style=""border-bottom-color: #000000; border-bottom-width: 2pt; border-bottom-style: double;"" bgcolor=""#ffffff""> 888,513 ____________________ <table style=""text-transform: none; text-indent: 0px; letter-spacing: normal; font-family: 'times new roman'; word-spacing: 0px; widows: 1; -webkit-text-stroke-width: 0px;"" border=""0"" cellspacing=""0"" cellpadding=""0"">         (1)        Total revenue from the People s Republic of China and Singapore represented 60% and 86% of total revenues for the nine months ended September 30, 2015 and September 30, 2014, respectively."
116,q4-15,10-Q,"MICROVISION, INC.",65770,2015-11-05,http://www.sec.gov/Archives/edgar/data/65770/000113626115000315,No," The Company s greater than ten percent customers comprised the following percentages of net revenue:     Fiscal Years Ended     October 2, 2015   October 3, 2014   September 27, 2013 Company A   44%   34%   36% Company B   *   10%   15% * Customer did not represent greater than ten percent of net revenue             "
117,q4-15,10-Q,ALLETE INC,66756,2015-11-03,http://www.sec.gov/Archives/edgar/data/66756/000006675615000104,No,Revenue and cost estimates for all significant long-term contracts for which revenue is recognized using the percentage-of-completion method of accounting are reviewed and reassessed quarterly.
118,q4-15,10-Q,ALLETE INC,66756,2015-11-03,http://www.sec.gov/Archives/edgar/data/66756/000006675615000104,No,"The Company s greater than ten percent customers comprised the following percentages of net revenue:     Fiscal Years Ended     October 2, 2015   October 3, 2014   September 27, 2013 Company A   44%   34%   36% Company B   *   10%   15% * Customer did not represent greater than ten percent of net revenue             At October 2, 2015 , the Company s three largest accounts receivable balances comprised 62% of aggregate gross accounts receivable."
119,q4-15,10-Q,ALLETE INC,66756,2015-11-03,http://www.sec.gov/Archives/edgar/data/66756/000006675615000104,No,"Significant estimates include allowances for doubtful accounts receivable and returns, net realizable value of inventories, restructuring reserves, valuation of goodwill and intangible assets, percentage of completion method of accounting, pension assumptions, useful lives associated with depreciation and amortization of intangible and fixed assets, warranty reserves, sales incentive accruals, stock based compensation assumptions, income taxes and tax valuation reserves, environmental reserves, legal reserves, insurance reserves, the valuation of assets and liabilities of discontinued operations, acquisition assumptions used and the accompanying disclosures."
120,q4-15,10-Q,DYCOM INDUSTRIES INC,67215,2015-11-25,http://www.sec.gov/Archives/edgar/data/67215/000006721515000049,No,The Company's largest single customer represented approximately 13% of fiscal 2015 revenue.
121,q4-15,10-Q,DYCOM INDUSTRIES INC,67215,2015-11-25,http://www.sec.gov/Archives/edgar/data/67215/000006721515000049,No,No sales to an individual customer accounted for more than 10% of fiscal 2014 or fiscal 2013 revenue.
122,q4-15,10-Q,"NAC GLOBAL TECHNOLOGIES, INC.",6732,2015-11-20,http://www.sec.gov/Archives/edgar/data/6732/000121390015008945,No,No single customer accounted for more than 10% of our consolidated revenue.
123,q4-15,10-Q,"NAC GLOBAL TECHNOLOGIES, INC.",6732,2015-11-20,http://www.sec.gov/Archives/edgar/data/6732/000121390015008945,No,"The following table reflects the results of the discontinued operations of the Division s business segment for the three and nine month periods ended September 30, 2015 and 2014 and as of September 30, 2015 and December 31, 2014, respectively: For the Three Months Ended For the Nine Months Ended       September 30,       September 30,       September 30, September 30, 2015 2014 2015       2014 Operations Net Revenues <font size=""2"" style=""font-family: times new roman;"">$           87,242 528,573 $       600,160 $       1,280,609 Cost of Sales 84,397 312,727 537,368 766,036                 Gross margin 2,845 215,846 62,792 514,573   Research and Development Expenses - 40,770 18,746 177,724 General, administrative and selling <td align=""left"" width=""1%"" nowrap=""nowrap""> <td align=""left"" width=""80%"" nowrap=""nowrap"">        expenses 63,641 170,103 347,763 540,368 Gain on sale of Anti-Noise Products          Division - - 879,612 -                 (Loss) income from Discontinued               Operations $ (60,796 ) <font size=""2"" style=""font-family: times new roman;"">$       <font size=""2"" style=""font-family: times new roman;"">4,973 $ 575,895 $ (203,519 )     September 30, December 31, 2015 2014 Assets Accounts Receivable, net $ 45,187 $ 56,411 Inventories, net 182,077 339,232 Property and equipment, net <td align=""right"" width=""3%"" nowrap=""nowrap"" style=""border-bottom-color: #000000; border-bottom-width: 1pt; border-bottom-style: solid;""> - <td align=""left"" width=""1%"" nowrap=""nowrap"" style=""border-bottom-color: #000000; border-bottom-width: 1pt; border-bottom-style: solid;""> 22,927 Assets from Discontinued Operations $ 227,264 $ 418,570   Liabilities Trade accounts payable $ - $ 107,228 Other current liabilities 45,025 44,066 <td align=""left"" width=""2%"" nowrap=""nowrap""> Liabilities from discontinued operations $ 45,025 $ 151,294 The assets that were sold consisted of property and equipment, resulting in a gain on sale of approximately $880,000. "
